summonerId,summonerName,leaguePoints,rank,wins,losses,veteran,inactive,freshBlood,hotStreak
7vNP16sv4pKHvnC9NEwkQP7HBdl6-8PO8lQmFeu2ayZp5-8iAOSVBPBI3w,APA1,1305,I,415,352,True,False,False,False
N7eU0Kuoanc9PkfdHWiTCwgrvFRTxVAbnzYjY7hqM3wnW9g7L57WVma8iQ,Dopamine Tracker,891,I,216,185,False,False,False,False
sl3Srs75Qa8Bj6oUFapdgI_yz7JnIupZDigU_XhHlaDuF5c,VX Najuehuo,977,I,115,92,False,False,False,False
NmkFw4dl43aMY2wCh_lY4Gub94lYKbSeH4Lg2t6hDqGUQEM,Ke Ie,1028,I,605,556,True,False,False,False
bhPdxyXknLmZz4Qk0F4UX49QDxdIz1U0scIHDo6SDV4clqM4,Cozy Shroud,914,I,295,258,True,False,False,False
wpOtkf5NxY_lEvKqHi8CXgKavZn515I4BZPb5A-7X0XQY-A,Yunwinter,881,I,646,606,False,False,False,True
lAmGJ7XAw_ub7XvvMYFai-sKWu1xoaUGU77zumfngjF0gDc,DAMIIMAD,914,I,229,187,False,False,False,False
68bKnyQPd4_WjkjzTXV0n0ZT1bWCkC0zadGxqg2k37APOQY,THE Jons,872,I,203,166,False,False,False,True
SwMZnpx86pYNXFyVEfipMpes3_q3CJ37vZnC9vaoR0l-ywxB,Tempos Time,1184,I,382,295,True,False,False,False
N2C3LHSj0tCmWdsgPy8Jwi1BE79JDWSuazp4s4anS9Wfe0s,Ariendel,941,I,382,347,False,False,False,True
ZgcofjjoF5KTsq21zuU6Y3s3bsrB2ZhSTiDFurKLtU92nxTS,Le JunMa,906,I,621,569,True,False,False,True
J-uN8FtqdjPVciwrD3_9ezXOkPivpeHMwWTM4c3e_eXxy7MK5wznLKWMig,bye im gosu,954,I,206,154,True,False,False,False
cWWWllnffSxOkXzie1_kZc-Vpbb7s301T0MKCKC0Jyb4a8U,ANTHONY EVELYNN,884,I,497,453,False,False,False,False
F7XwT25SoQxhUoTq2ht3gNIegC6uRm1LUNUgMYe16zqmwQQG,yukino cat,922,I,713,660,True,False,False,False
E9WNTRun7zP1LjniJxZLWpIu88WxlHtrn8VOcU2hvpi55ot2,LeenK LCS,1275,I,316,252,True,False,False,False
j5fYy_MkURIGf3HoxT0vLT5ri2EXKH5dbgiDvYDmR0x1MZFts1lIKvee3Q,TL Yeon,1203,I,539,484,True,False,False,False
MIgvetWARgoqKlV0NwOKdlzzJ1Uk_WDiZyjcmou80FB-DP0,SHERN,1233,I,548,478,True,False,False,False
vPJ7O3Gks9-FwClNKLcfIMRG3CAo3CknbkECse4eeUSaxNt0cVCEi6ViTw,Yura1,1033,I,164,131,True,False,False,False
V8hZo008yq2M-UDHFhtS4Pfucv7nNNRQKCA1Apd7GLB7jAw,the crangler,877,I,442,378,False,False,False,True
2Z-2KQypbwB6nFzni-QbZaooctx5Cwz5TIAm7bdOZWhnHU0,Feather Daddy,1184,I,604,552,True,False,False,False
SeMgqTSTcxQBs8gd5px6_qNYlbVy3V2u2arblycaBt9OAKe1OcRWX7l_sg,Rowpit,890,I,195,144,False,False,False,False
ieDfMOOhQpN6TSPBSrOeM_CWxDIosDb-rOw3dU9pvFKbvcmXksy1cfEa8g,آدم,867,I,168,149,False,False,False,False
LwJQsKDZwGOzrhlD49hHUc9U-FRa0h1NnwEsp7X3rCcIChQ,Blitz,904,I,574,531,False,False,False,False
sGeVBPi-dpmgpS68WCT8UAnfXahRX6kyl_rYxmC5xvlKGRY,The Tank Man,1484,I,868,792,True,False,False,False
iOpe4XKvoMPC4mlD5zaT_xCTTVq96YJvBjXUofeGMUYTog8,MaIthaeI,1246,I,278,220,True,False,False,True
V2nMwBLDgXavMa7MlwUy9JEG600Gy2vLuWTflOSA-fZrPd8,            Tçº ,1053,I,313,224,True,False,False,False
L9xfhSIlz3553yZ3RbRnTdPEeDnCyV9siR6HRw95OjfBHOk,Matty,876,I,482,438,False,False,False,False
HjzdJnwF1hp7I98-aT_mCFppM03D1lfxzxgHawpbTFZ4itwWHTXT5mfmSA,qufl,905,I,273,203,True,False,False,False
VrRn_vbyR_SfW1pZc5-zjPb_Y_ww2Y-4BFqJL2Iu3JnrdmlB,Wxx REB20201,909,I,301,259,True,False,False,False
AssRk0pmcmyp4eAPihJcNC7MOalhWSxA0RseNj5A_SdYpXQ,raheen1,1140,I,476,427,True,False,False,False
Dvj9NG3t5uj-RqzfAcgDHYxop1xbWsdfTy1b4JFFuutW8T-R,Bejjj,965,I,318,273,True,False,False,True
2Ejg1P5BkYwybytUf5c6EVrqBkLnn7Cqi4ZSLOcxatAFn6Y,Quante,879,I,596,547,False,False,True,False
C9Bbz3TrNFy44uJ_QvCMSH9Q3xe_PCzyeNej6vvvHON8K_k,Guess da number,873,I,322,279,False,False,False,False
WRYMAQ1lucAUNtNdWTP2s3Ii6GMFqvL8BvRYKBlKv-nmxOyEuXSVeyEztg,KEITHMCGRIEF,1102,I,499,446,True,False,False,False
Gm0UoCNnWEtDGU6Ia81pfAcXCIglOiXIyf3GTRXofaEoAOw,Hakuho,1068,I,184,140,True,False,False,False
_gam0L_MMWXvzBITb1vPrkZoOtISAbKo75mACH3-lFaY-G8,ßazz B,874,I,355,321,False,False,False,True
VPmnncMTNA6susybxTpkfb67LkVwOi028rD0Q8l3EtPV5Z7-,Mimic v9,883,I,227,185,False,False,False,False
cM2DbVbG6WLo9Ews3HTCPMJV0piohNg1630Fv6DqeH-kbpIs,EU Red,961,I,208,157,False,False,False,False
NdZEWZM5CxnuOMu-qOe7QapsGUsis438UPCje-NzP0RTukyB,onlyzz,1059,I,722,677,True,False,False,True
NNCyzuYVc2R2vcrXx0SPj3DB8REuM3lJ6NCv4qUHTzhJYLRF,100 Kenvi,878,I,333,292,False,False,False,False
Sphtf-r0ID4O2jwujkSgPd8f91CuFZ1WXWf3oSFPuMds68M,Twillie,881,I,514,462,False,False,False,False
15YSRiDlOj26nV8nt9s-21G2SsMLut7wRECsU4Mxt3R35Tw,ControlMageEGirl,1244,I,443,360,True,False,False,False
Mrn3WAE4kFzB-_1mlEpsudjQ4Xk4PruVwwPtTnwqqrIz-dE,Alyri OnlyFans,886,I,417,374,False,False,False,False
8ZA3oekN96TkrxNcnjkHpzHx6cebFXderGBmm4OFo4drBY8,Someonehastodoit,869,I,470,439,False,False,False,False
zHNLWj-qYRqMYjA1J0Fd4F0TmB2woh-YWArUCKd12NlNyiY,KiNG Nidhogg,895,I,441,415,False,False,False,False
xbTHPRP8wZfDeYuuHJnK9iKFdTnxqkcVnXxO7quGNt2uLQA,Chaeha,887,I,453,416,False,False,False,False
rIriC14CgFL1UcIvLGHyRwgumOSM9gkCqds4MaPulWmF8jo,Minishcap1,883,I,186,148,False,False,False,True
8zd2NPVCafbYPdZpCSohxzXCs3MbKOm7eLny-XD1mjlWuBE,dfgtredfg4,1083,I,209,158,True,False,False,False
eLGovCkaS6Q2s9zF0KmeFXmuOZ5bmv3CB6G347cXKq19ttA,Keel7,1020,I,882,839,False,False,False,False
7kBy0ToN0P_V0xolMTLTB6AVD-QYYMNEO10afq4MIVioCFk,A5PECT,938,I,226,187,False,False,False,False
YxcFQbn5MpcEKf-JbUQZttfce-HGFEauIhpGUiTDyaydZiQ,EvanRL,943,I,330,286,False,False,False,False
uTrfQgcGnXj4KtS8YxfKPKM8qpxYhczZPLcYtnwMdLcWZkU,rainº,1015,I,309,276,False,False,False,True
ZgDSHSdDiw4mAGo3ptnvGSZG-bDS9SipExImLstm95v36Lg,TempestLoveYuely,1186,I,332,277,True,False,False,False
9guxJpFYMxo5Ih1r9_L9KuFG5ZOaWzE9yDAifIFlLII0n3U,petitpois facher,907,I,167,131,False,False,False,True
GroC-6wsugocTWd5GmSlIsM8zbcRc6Dq6m2m7g7Xfr4uSWQ,Avano,882,I,522,478,False,False,False,True
ps_cM9o_XvsoLfrVRzEXV57ayYiIiLLA8FbO2FKxD2pJlHMbZs9GAxQFAw,100 Sniper ,1066,I,127,72,False,False,True,False
KLH_J-3bpQ2S63xDUjKcXuiFHp9f7W1u2HdooogJL0bwoKc5,Sheiden9,1114,I,335,294,True,False,False,True
lCggW3VDPrKVIOOn9vxXoU59rcdrcuoXXbSCenpdXKOJ8v8,LittleChimp,873,I,283,238,False,False,False,True
gOceaWubsfulST5Fso1GXY4Yx5LUNovnR0JYw9Dhp0iMw_4,Copý,1046,I,192,154,True,False,False,False
dGBhc-PTeimgZunGaOErmZMwG0y9w9azxhdIAf7gYgWUyIc,Nikkone,879,I,292,256,False,False,False,True
FhcsQNC_WOtBHicA5oFVTA_nQJ_os6XDYr3BgDnVEfjKYNo,Seranok,1097,I,352,304,True,False,False,False
durWPfeC4WTLQ_kDka0J_Qej7wvGwuo7POxxv-uWpEyEWwgqRtv95M2EcA,lsles,1442,I,689,620,True,False,False,False
yLWeajOF5fpOb_IMoVKfa5DmNbwqb5pEnchE1jHLe55jGMd7H9gSAd7ynA,Curas Rose,898,I,215,179,False,False,False,True
R4J7Iaz4wzp7SuEX-fPhXwxXuE6B8YjkZjlsOb7J7bMF08g,Breezyyy,1361,I,648,592,True,False,False,False
wXEOT6agUMmgRdaPd87QBQ2MorvyeHs4lRnGEwReXUl_Sns,iStupid Femboy,1116,I,571,528,True,False,False,False
1RK865tvXIazjedSM5pf6EJ7EB8VVN3CBdp28G9wZM3e1XY,winstxn,1519,I,639,554,True,False,False,False
qrrOxkCVfUb-_XlMz6cxYwMHBaQa2Kxwa2c3TiayL1p2YlNKmG4n1_m1Kw,Laserholic,887,I,332,287,True,False,False,False
sEJOEFOKhlqWHqGmCYFV-x557UrAeRSW0--9psK_EACpZIsQ,DarbBarf,880,I,472,442,False,False,False,True
J_SetLCbmYt5RTfXlJ1richJ2Et2MEKoPC65LvkPqTKHmqw,KatEvolved,913,I,508,471,False,False,False,False
uOrIYv-d4esg7OqLKHgFa6yg9LDtgRKlXf1DaNTkZy68Rp0,Jouzef,882,I,123,86,False,False,False,False
LJneiSUpOt0mnai6dDJjwUKpirOxoLt5wxfezo2PnmDcaoI,GSDFQWASD,1116,I,260,219,True,False,False,False
X1Z82lujQ7RdAhNv43tndB7XL0ZfN-bdWxpkNWreP4Y6lLXiMSzAM1kOJQ,Chime2,916,I,253,242,True,False,False,False
DBj9oOMyUXOWWZzSQE2wcFChteNrz4RG1WdKbu4_U0D6sek,Blacc Massu,1000,I,927,861,False,False,False,False
Nulf3ch8YQXcUogyTL1jJTV9FlbIPR6BDMDjtcm2zv_ZPdo,Stiifo,882,I,200,162,False,False,False,True
_ptdcMVaX08CQ5KCqYCW0HvE4fQ4N3EEY2iD6ggTwPVC2k0,Dime,941,I,1547,1449,False,False,False,False
mOwvAfs1HtkBZtpxaRqUvqoJAfvEQWyq2Cet_Yz9leVpsIM,Shiba lnu,895,I,315,269,True,False,False,False
oBfLYxKTbIqqbe_fk43DpLrWimCxeauKyibEr3mNG6jbkovn,Rienfleché,887,I,340,292,False,False,False,True
SbztxVmAO1q0WmTemJtys0Ysm8-5GzeY9wsKtxLAMu9BGfQ,KoKoNwoo,970,I,1291,1182,False,False,False,False
MbmzbsCdJBM7UYfEQFu41KwfYB-RfyJDTt0pFREizHDFz7I,Thats Not Fervor,1169,I,279,229,True,False,False,True
AIYtJrceppR0ZyJEqfmO_BwG_Tfyx5vXCez43kY_4WyhEBE,Sarcasm Orgasm,911,I,194,157,False,False,False,False
IRom069GbrFQ5pBii4LuvSfNwNy-XdobhlgvSE1XY7_kchuT,SkyTec,1055,I,300,256,True,False,False,False
joTwGWvDmxBL_cOSXWGEV8jZGmBks5u8lQ1n5ZcPGJ9_rpPZ,Queen IU,971,I,167,132,False,False,False,False
cAsmokSLW8EUlCbUIRnsbZ8fSbHEGEMwUVTSRaLUiIcHOm8,Blazze,889,I,168,127,False,False,False,True
KO-6Mz8YGewBYMX-jqppsxxs-fOxSdfG1dq_5KDSzzjb,Zativert Vi,905,I,494,452,False,False,False,True
Op_D7PpU4MgCLay_mWTrrrT55imR-XwUyLlkTEXCS_bPzyE,concept x,1033,I,1257,1223,True,False,False,False
XlWCW0HWXPeDNUVyib7oCpm-OMu-FgOlmLzTZrFRhr3C-Ng,1Maxim,898,I,205,159,False,False,False,True
7R7vassSkwql8dfJrMFvLeCK7PEK4K1nOAd-GjzEH5xvL8g,Vakin,1203,I,181,124,False,False,False,True
TfU2-ZXa5ukzoa0EZfH843GgCoRQEuPYLp2Nfg3JnVc-ZIM,Zeyzal69,952,I,245,196,False,False,False,True
FGejVZa0Gwwg5cepccCky-zigqYR-Gm73XzYoGkzfaDOKbl9wqBvSxL8bQ,Yue yun zhi feng,1162,I,141,75,False,False,False,False
9w3QS1cqEcTzkuz0IEs4JBh94WAuMLFhbLmQcAX7Q_rbnU0,tenacityyy,937,I,342,290,False,False,False,False
ggS3ocmXdD08KqEIl7sEV73iXyFuSQ7N6leV-sqhK_7nQMI,Davemon,1470,I,226,153,True,False,False,True
JZ8zGJoCsHTo70ngndqwwZ3FXsc1GiBCZilLP3rkcp9Ombg,LowKeySavagé,880,I,175,138,False,False,False,False
91FMkDXkuTPDxx-74F8SjvPvDDDb--eZj8gBIf_2NSg5s5iSsiun1nUQxw,CC Shogo,1083,I,188,160,True,False,False,False
23Fd9riaxj00bbQAVlMZUGMZNDTg0Xmqt51edrEVnaFBNhqB,poome1,1017,I,395,354,True,False,False,False
KGIiX8US4aTYva55XP-yr7inR3cGaSXnZaGRK01hw3AsC4o,PickleTuna,881,I,104,60,False,False,False,True
jHBhRNuiVcdDbBNNmrYApH9k7x-PIX8POwm6zq2RfFLzMUM,Revenge,1251,I,464,400,True,False,False,False
a3-ERSncEMgac5G37RRKXKK6SIorZKS1D4RNLHcfMyGpFTnd,Djalal,1292,I,369,304,True,False,False,True
X8tsyHk4osBaq5ZOx6dX0_KRiJFD-Qc1RNhstjP1ZU-UQZ4,Cadu,893,I,319,278,False,False,False,True
j5AWp1RzUYYaYYPwEBeZY73hl2NiVjH0s3Civ1Oi-50rPI8,tibs2,880,I,394,346,False,False,False,False
FqDscmfS-p1FhD7ePvoqXMarMkThPkzWlhmBN8TMTPNlrZPu,izuyui,889,I,166,130,True,False,False,False
gt4ty09OOCE-629dGrSa0d_uEktZ-IZtY9EcT4_6VZYQLYg,Strompest,1122,I,466,406,True,False,False,False
g682VqeJMLaDP8m8tGKljhr66Dim5IcRcNE8DZMY5mWHuBk,Snowy Steps,963,I,131,92,False,False,False,True
kAeOSrTPDiw14DC38JK1_TshhIeKjmd1Oszu5deTQsRghoQ,KingOfAbeyance,1196,I,243,203,True,False,False,False
XTn5IUb6uneUwvuZVC8KaNJoIy_JwphwG4nHygA6ykqdExQ,Cpt Underpants,856,I,1108,1073,False,False,True,False
xtMgPkKO9SLXYeGEWQ4M3GYCvDAFRZP3j5lxSWwqrD7tVPn9NCyBQYFyrw,waste it on mekk,1179,I,144,86,False,False,False,False
gjPLUCCjtA-qJbigm1mwv_HdnS4c3mANCPoCl4tJke4GKVc,align my chakras,930,I,458,423,True,False,False,False
YkzWnWQ1OPfAopM36UzKPXpx2fZ2d7yIXrE9p9HFGCLejqM,NøticeMeSenpai,923,I,377,343,False,False,False,False
kcmQr5iPfcYaETxjMMuwLmZseLt4O4dyjNsJcH9RALV-pxuv3nT2x6282w,donbray1,1080,I,309,260,True,False,False,False
qhcuomHM_Pg50WwB3mv5NKt1zT5ZGHRb5jy4phwlO7qmmp60,Karhus,1040,I,181,115,False,False,False,True
LJD8Myy6XhAk0qBtxPrtlpmZAy3Jx2QtkiJhoY5zSUj0ndST,Sheiden1,1258,I,324,246,True,False,False,False
2AJ373UZKdgrlXczLJMJrPB4EV5getfw9jjghAvPW9EGPCai,JohnnyCap,865,I,165,99,False,False,False,False
bqZyJAEL7MvLdO5AXk4wHzP4Gs_I6FUlPQsEaYARsoHD5_8,Delicate Angel,911,I,432,378,True,False,False,False
ucW7JT25I8ePY-QVsm0j9LkDyKUY_u6w0HMmnAIk6H_dnWg,Pockus,853,I,710,685,False,False,True,False
TWVGEoDrPxkL19aTSNfs9o4cdv337ar2pgMIZ_fVlheqfLo9Hqdm9KWdsg,gxnyu,878,I,212,179,False,False,False,False
sjB6F6pgbwqcydSyCsW84bKu6UOrPiVyranJuBgSMZdRGx0,LegitKorea,906,I,342,297,False,False,False,True
E4JdpLmSdyO3ITMaeecZdxY0GKEnd0_D3K5IvM9mnpOBHVODJcbvhj6qgQ,Kurfyou,1082,I,277,228,True,False,False,False
IBy1w8cCO2UTqVMDTz7CFD__bWdW8MDnApaSal3di8iKHa4,lamour de ma vié,907,I,455,421,False,False,False,True
wHqbD1cQGpL_2Rv92L5mKXstkCVr_BTseVusJON63JeRJTM,Zethal,876,I,982,946,False,False,True,False
tfE5YTU9Ic7XbCASUo7UfNTkiR2KCK16PAA3t2WkCEzC9Ho,Contrail,969,I,289,247,False,False,False,False
jRDZz4QUQvIHE4ICgn_jqpwEjXVzjZioccqmOQTpFTx87nU,C9 Copy,995,I,228,196,True,False,False,False
Yyra3LgbDGd3HUMC17SmW70JiK0SaQl1Rxa4FTZ183bo4D0,Diomarr,873,I,151,112,False,False,False,True
fuPviQqOwxB_Z2p7JdcJ52WeXijVzQ5BJRpSm5adenVldss,700kg grandma,1041,I,361,309,True,False,False,False
uVqrg7-M3T5ORmF8oBf31El_vTHEgomNSeRF23uiwSsEoSnYpWJRSXInOA,MASSGAINER44,971,I,254,195,True,False,False,True
SMaH5fcWRvIsKK6fBKy880XR-Oh2ArY-EP9StYZHCE7qOhk,RexRequired,974,I,217,166,False,False,False,True
7hsTuMOm1ro_Jc--yqpJ0Euev4XcmKvS19ZOlY4-LEnF,Ablazeolive,1138,I,240,191,True,False,False,True
gvcHun5E8JMt8WTTa5MCuN57nQyQFq1Z0JW7g7llaGxefoZ9M1J7e_NSaw,mumu cat,874,I,130,74,False,False,False,True
--r-0dHQSYKYyuOXsNXHW1sE81Q3tGG1PaajOY9yllh4vXA,Gravebloom,941,I,114,67,False,False,False,True
a4ib2r84M2jysvXZCnm7PdfDwtDgStuMk_h7rxK5dcC-OH0,Lyteskin,879,I,485,444,False,False,False,False
B1mUmr5zg80elxLqm9GMT8AHKEBvGn70PWEE8LqaA0rA8OULcaTiJ0S2Hg,zhong guo,1232,I,1260,1197,True,False,False,False
RdhUQVV9OpRh1_sZ8ZhlHT_kNMOvLpnOfA3v-HTjUCUPus4,Scenari0,1122,I,435,377,True,False,False,False
yY9y4VXGpvtd6TjXatE3F2j5NQyG2okTfEJTGCXFYIKhJsmfGArQMt-wog,insanityxd,1198,I,643,582,True,False,False,False
5MAoVeQc3AYLN2WL6ftZC7NLhR2LXbLvjlHix909d4OaAGA,MONSTER CHAD GOD,877,I,544,497,False,False,False,False
1jxYRJasf-Hrfx8y05moDwUw78BV3WxPHLbriAqH5uQsSu4,Zud,895,I,179,132,False,False,False,True
UaYoHF5zQUnFyyA9wXtZQq9k-hrKmua6EKttWYV-4WaOt7k,Eric Wei,877,I,247,206,False,False,False,False
7d4tyeGutkC898EckuHC8MJbmlUbc1Ku9INFHT4koCrkrSE,RoseThorn,876,I,462,426,False,False,True,False
yG8WXOSGX-c3c-pDCWBmT6N7RtN1-758GhHba-hl429jMlw,TheRealPhilip,1034,I,651,598,True,False,False,False
828XYYnOkJnh76Pbj8U2Hvrvs9LHwBlOj3lzgFXbdYfZNEA,Cupic,1037,I,261,215,False,False,False,False
0u2-jHGfrshZz3231YQpYieS9E1BYZ3dDrDrTz2AsgLwv3LekAND8dH3Sw,quantumfan,901,I,689,654,False,False,False,False
2l8UD7btjdp6QXB9vZYvuK3DdFWsYNjbuIUAwO5nym7wgxo,Le Kachu,882,I,376,334,False,False,False,False
gkiJCmXpRi-bGZQB4tdZBgkcvXvIlZ8zveYRZ7ShInQCs2Y,Sum,872,I,337,293,False,False,False,False
qxXsnwhgojyGnVffgFatgYNAAYWnlpLO-fRd-LU-CPyBWTq1,Kang Sae Byeok1,1107,I,316,249,True,False,False,True
pb9EwDSeMM6dVJOH9eKirH7ig15P2vCmRREBRRzUFr7ufBRx, N L,890,I,210,166,False,False,False,False
aYIu41g50yZbbFXk1k3pzpauCweFT2foW-b2FYLna5CLFtY,Kelpo,1040,I,331,279,True,False,False,False
38MiHZYVEXOUh6GSr0m5SIQtGShgHG7lqSMzImJGxOBGKXc,karasuno setter,1011,I,303,259,True,False,False,False
k2DOSdnxGGsAMLLFYNu2FnlrpugTEbtWc5EQoL9pccuKLyqC,Almighty,886,I,306,208,False,False,False,True
rlt70lFDof3MCXJarbbd3MGQGzel0urACzm-Ov8RPKGevOIpMFB0s9zOig,Johnsun123,1267,I,206,134,True,False,False,False
zvbAfk-UZfy5gUXpkFHeHCSmdJ92FZpVnVuZY_6jIKzn6kY,Kittisaur,1014,I,153,108,False,False,False,False
F1WgUseWN6z_ZH4PtNBpkvA_0fkHaMRs9IjeN7iuQRpPfec,Busio3,1148,I,441,387,True,False,False,False
ObCuDj3O1SLJOLzqv4sOUqoMtGh_YjnjnNmGAph79tq17Cg,CYD NGU,880,I,442,407,False,False,False,False
7N1ER8aTUiw2NxDK6tw-a-f6Hxad4mIH-OY9Ixrduw8lQGE,Good Boi,1126,I,759,707,True,False,False,False
SuXeCPx7gsVaBebjkjUj6OagisN82wsdJImBSi5yDbUg1E4h,Shoubee,1231,I,446,364,True,False,False,False
Rrr3aw3BF4Ejv_M3an06JkJxfV8Hx4JxA1_Kx3BS9DcMtog,ID ToT,873,I,135,104,False,False,False,True
Gj9rj2bM6DKfOOMnrzJkqP4P55l4zkuDbN1zMgywnL4u3pE,Lemur,973,I,195,153,True,False,False,False
zrQU4YgkkvG8bR1rj39apX-onlDSufBc00xKr3hf54-FkyE,Kennywalol1,947,I,320,254,False,False,False,True
tffEcnkYWWZgAVf-2VzVV74PXWLnnDCqLTj4UFylt7krmLQ,Buffing,883,I,202,154,False,False,False,True
mfAc8ca8Csyedb35Rig7xTqzY4uWwqajkoz4f3cjMtL1D6Hr,Busio JNG,915,I,408,367,True,False,False,False
QKNuTwk1lCFg7EsvaJeFyIexwz0EMYsbNwwE8Gfq6wIYRM8,Pocket Rhinooooo,1165,I,284,235,True,False,False,False
JZZk7SmmdPfkIA7jZY3I9YZp5JCioUsMWwf0Skkx-rhN1Ds,Allorim,1258,I,457,398,True,False,False,False
POomzZP398BWEwASX4noCEEqbw7Pke7TeXMEicZxs3Aq628,neeko sex king,902,I,567,511,False,False,False,False
auhc3UW5soVnnB8xL9SxccCRwVHdWXaW_NsgOI2KW6f4zuc,Pure Kawaii,919,I,141,78,False,False,False,False
tECo_omJb90fo1c9xA565eIFWKy8tyzEKZUogrYG8jMuoGM,loljanan,1026,I,939,886,False,False,False,True
7vpMZDnCbZpINdWRGLLsQhlAp5S1qF5PTulBUHHGNlPO6sA,CaptBear,876,I,535,494,False,False,False,True
jmPGt7Pt3lAOzJro3jXnQigKUB3IQR_DKNHh1Gv8SlDr7FQ,Ynuaj,1042,I,608,555,True,False,False,False
_fXJ4MxJJ-PVSqmcLHm146R6cSpPtUrXfGX9JDIBsLYX4Fs,metalhydra273,884,I,235,198,False,False,False,True
ewHwm5GHAgd5FzL2TdtJ7zSoST6vXf_Rgwy96dCWxhanPGs,Messages,872,I,328,281,False,False,False,True
k6BKNzxTG1Zx25ehP_OCMAvfzZkgvcBhL-VJsMoIV96GLeda,Arc en ciel,1018,I,194,155,True,False,False,False
qIrbuXbhhJVu-IRnjW5v1W_OVpdWlz3T2mcEltVWltmNbMcavRk8ScHMDg,AllGirlsRTheSame,1105,I,586,519,True,False,False,False
6U0lKeXSAqClNL5-QJPhEznZpHM1ifix_xaLvSjDz7obtVSHwfiqtejazQ,Matts Cat,880,I,626,572,False,False,False,False
ErTAbcXrqfYO71sIpB6myyrYxSsMsBhLkAInJvLhYIyJdmw,no invade pls,1110,I,582,520,True,False,False,False
BUglILioBO_qlJRLHYz6ZBxeVHzsT0yDXhE6cChmoh1kO1A,EDG Jan Sali,1014,I,594,556,False,False,False,True
aZsrCSNYnw-lv724meRefeCZcNTQ3yalGbXlhXXxGw1MHEU,Airflash,1015,I,519,469,True,False,False,False
_yw531qcrtd4P3ZfoccdfyoB7mK81dzccYdJ-ls51fk6dnmpwbhODQSzWA,hotaze,971,I,599,550,True,False,False,False
xFgBuosmDmUt3fr8ggoumh0UXdYhhVyjbSZiOVzcSsIoPq0,Sophist Sage,1253,I,651,595,True,False,False,False
kiTdB5zsFITKRituHo-QwubbZCmlV3TBQqCEMuIed500N9k,DeadGemini,972,I,199,143,False,False,False,False
70_erPvqWavL4x7tmN_2JfBteFf4uFXNOpdYweBqMUzwmH4,Dhokla,1317,I,623,578,True,False,False,False
u61U5Vz-Zu14MGkCD_VDvKfg4zddQ7dev4njwxqkKcT-7BelwpeWOkh_fg,perryjg,899,I,248,216,True,False,False,True
1eQP5HDhhZNQon_yO38AqaW8lpcbwDYn52tdupZDSEZjtE8,Oronuke,1100,I,329,273,True,False,False,False
MDLdeSuGpijZsNO-q0IDZZyphlJVn1AqeXiOq20fuhn2c9i5iQfug61J9A,DIG Spawn,972,I,449,402,True,False,False,False
txBZ9zwuL68V2XnFMbNgpt8yY4IxWlwut6c1-g2_pY__834,Qitong,1391,I,556,496,True,False,False,False
xFq9qxhiRouidrLclqTQN5FZULGn6Pi7K1iv0FQGWq__Ltk,CyanInkstone,864,I,744,707,False,False,False,False
QvaLbB00VLWAS07wS5eMjL2gjiUBNMHq1z68B8OWauqkUp0,tomeito,875,I,532,498,False,False,False,True
fpMiIvYNWVpK_3BOsCV53loUmCV0Blb-TWKeQx_5oUiAvVY,rjsdndgod,1227,I,1143,1089,True,False,False,False
fTxmZqm8nAxirx0TrVcv1eYfWhWg9gauITIg4AbY1UhAwkHo8n7XwcNMOg,Mongolia Yuuji,1287,I,104,78,False,False,False,False
kAt3lkSGwiIt9ikwkkKlSkH_gA-BHL6yKVDC8aF0wYqs3JU,TailsJJ,910,I,452,402,False,False,False,True
8rrpQxt0BtsqJQvNUbPQLEJ7ggvf3rxc4GviodqqrCB3WBo,Secret PIayer,859,I,341,296,False,False,False,False
szTBc0yF7MZHaR9f_Jjl9ko8NY4uCE9o5VGDQzUf_4y8AL0rdNRFCp1exA,Pentaless1 TTV,884,I,274,225,True,False,False,False
eH5D0EnVaPngWGql3bQBCiV49Lx3H3G4ls0fdLxnr7JCn_k,Satoshi,873,I,259,214,False,False,False,False
CtD20LluCs8keHfD9yEZKIt_rXQkBTg4lhkmdA6Zxu6IJJE,lose,927,I,299,232,False,False,False,True
P4q_WERtK-fK8aK2PVN43m8tUSbuNTOQFHmejS0w5kOHfOaa,Wekin Poof,919,I,251,212,False,False,False,False
7Bgqhvx6CYUnUg4S3zwg-7bT4kIO8uYSJb2EhLv-mdkdoi0,ALHM 39,892,I,372,335,False,False,False,True
M2ZbuJ2jQnGwTDNYWQJbC3FPevkqiHXan2zP_lPFzsjBcjNH,Asyc,944,I,1161,1124,False,False,True,False
sf0giaLJifni-S4T3HisiYZH2is7DFco6-sNCjsDB2NH8gM,Thë Çàtmínt,920,I,228,188,False,False,False,False
wJ-oLI9FgYnyrkJrOwMqnm7L7AO83tWjNyxD0byUE70WCsY,Sword2,1035,I,792,748,True,False,False,True
yCjv8HNBQItRYKJnZ0qXPJ_ZNlon_0tdWzTR4YK9g5SMlSs0pANaQf-t-A,ryooooma22,908,I,278,231,False,False,False,True
HslpUGaxdmpIqqeHtEFuhoDklLn-4KwL-3KLfeJgQxvE9_0,bard kitten,1105,I,238,178,True,False,False,True
i3leSuLF4J7IbIcUOj-nHfHdlI_CTTTEAnvEOoR9SoSPles,5tunt,876,I,310,273,False,False,False,True
Xeomj1NEjkmf577qGhvXQJWS6ZIoREBBb4b4fFJopUJEpQ8,Ryu Min seok,1014,I,333,287,True,False,False,False
eOg0daG1d9llQBXanDzoGBmUO0yzmfQXEN5m8PBL3_3pxeE,Dragoon,1137,I,420,372,True,False,False,False
nb4tLcvk4ckedbl0ChY8THxJpttaQ-KpcegHmHcXoiCj03vM,Aiax,890,I,1023,877,False,False,False,True
MNf9yjs60ZM_rTqM64ENl7pM-32zBQxDG8NBADxbHY1GJxQ,Burento,903,I,261,216,False,False,False,False
RVTZsLG0cdOOcaJ-xLa682JmZzNw9jzS_GaCANjL1oG4ND8IGj045G2Zyg,Trevor26,1283,I,636,566,True,False,False,False
WXNxNn45X2a-_xnF3cEBDkeZjNHTD8cIdNjILUnQmoKmFP4h,Thresh,911,I,77,33,False,False,False,False
nHPAzJ5PxUEvag1woA9vaqRX8LIIXuJvhkx4WBBGs1hn2Y4,Pseudo,1010,I,534,491,True,False,False,False
dJzXQ3WKNXSQrmWgl3PWGMYxwv-loEiv-0XNsK_e7m9q260,BoilThe0il,1028,I,260,192,False,False,False,True
ZTyimMGrlvn7oTubmuehz_G2g-2qlaLQmn32PF9XxafbU-gs,animegirl2007,881,I,262,187,False,False,False,True
yvcGuEBdrnk-8hHxJDvI945LwYxfu2cSbi4ytC-q01I3lqDa,Oh ill Nam,1722,I,443,345,True,False,False,False
thV4C8VOHD59XZ6Iyes4fEA8UtuG0eLanxGdahtbCRHwQ0I,WX Code0103,888,I,138,93,False,False,False,True
SXskGwGLdDFW6IeOThFu26JWE-IllTH8RVm6oRCgmMxPwnQ,perry1,877,I,336,290,False,False,False,False
9Lu1cDeUirzXfvr5oss0Geewg2GU9dIO7SE1HFlw-fZTNVo,mind is calm,879,I,874,842,False,False,False,False
SsNktFHEKpXYPHdprmfR55PhGPV7MRzAXl_lilbKjsdV9_mHyxr_sKtKlA,KryRa 16,965,I,140,87,False,False,False,False
7KlAFP7jWkVjEoJRDyKgsMvSjpdqQg9Juz7JG5S4_5arRdMT,Fear,870,I,358,290,False,False,True,False
XgVxSgTn2iagftrOyt0UdIvml631FIE2z1p2ox8hyHa72ws,jamican banana,874,I,836,809,False,False,False,False
T95FCUZ7ri4IxCXUcpO-zs0vVvZpAVlxoJsNW7lGYxo0dgGfUj5qFcu45w,Prototype white,910,I,128,85,False,False,False,False
5dfjvrG3TDA-gAL4Y840yeaW9t_gvVxnNGr5mVE97Axo7ZI,hanason1,1022,I,357,307,True,False,False,False
mvln_ZDu9KEJkWgVlPoOrdJl_dxfLH6OKF3GtnSK4Vl-irl4f2oqeB9WFA,Wolzie,881,I,243,191,False,False,False,True
hxJnJqj8Lx9IGbWvi_giC3an4nYIuSGjcsFw0mUsiaiATgU,TwitchTv Jugttv,1013,I,324,280,True,False,False,False
VGl_SWWNIZ2qEs26lIEDKR-WsL2dx1nY72JKy9XktT7jbwFx,twtv itakute,1259,I,172,125,True,False,False,False
aOpc5oC7ELHAltW2Ua0O7GI_0lZuqydGBYuvMslGin3j-0w,sai desu,904,I,680,640,False,False,False,False
hoRJIC5fjIIrVREyEQoVr30mamw4T2ZSxrKqc4AjzrL9BeU,Pinwinasio,951,I,404,363,True,False,False,False
os0me6UU9jWexHdPaglLaCri7ZMJmm0R2nr-I3d611j2FxM,Neøø,1299,I,397,332,False,False,False,False
hEeDpQ1Lt1P0i3dKFPePjj1Bi1HnCARRh02WdMbKBE5maTM,Detention,883,I,390,350,False,False,False,False
21yhRO-61isrPHhS8NjuVjyCigdRwgfiFH4wYCoUeGKBiGDJ,Shrimp Cpt,898,I,597,543,False,False,True,False
ahYmPVCUZBWdKpt3y1a1P1MCMO-wmf3lj3zbVE7oYuPv3-sY,zzoe,883,I,688,643,False,False,False,True
bexwEX8QkpsbkvKe59au5sDQ5wtBAmdy12EnfX6VmPS8P44,Nzm,1188,I,232,178,False,False,False,False
D7AYuMcEm5FojoTYtoOWnHvVMRoRve2pvJs2hdUwlxmkhwud9ZZAq_vVaA,ULTRAMARATHON,1047,I,190,146,False,False,False,True
zCfeEzb7D52G2JEB4fXezG_llQboxmZDmT8WqCowRwXvdrHOUeruPYsJFw,aiai panxi,893,I,118,80,False,False,False,False
3aItjLc03zS012KSGe6_qlOkCMyghQzirS5u9b22CLtQjiW2sbexKLz5EA,liantiguaiwu,1181,I,201,167,True,False,False,False
onzxaaMZ5CU00Enqhzkh5odU38DWId8M5b9QVeBZp4yqYVM,Z Score,990,I,237,190,True,False,False,False
K34agDvFZcBHUW89zUh9Lo4uKdzJoMud0q1JEHqPDNC3yZ8,Outsmarted,874,I,472,433,False,False,False,True
QpncxQM3z-oST92ra_dvDyzPw5zof53LxGxugDewwMWvK0k,sauce DX,876,I,322,282,False,False,False,False
FIOJeXFkmtJNAmH6X-LZ-hQDMJOghuwKPoQiHugZvkAeAn8,Kryzlx,875,I,296,251,False,False,True,True
AeY3Rc1z7XY514LywhZISVpFfDO_IxVcVlf8kqlNGwOZXYz47U75YXM5zw,Nathan Ryan,919,I,207,187,True,False,False,False
YL3tZ8FFg1vupZnaZxJ07VmQ8a8_2KBNVrHzKN75_I1SIhY,Juice WrId,935,I,190,147,True,False,False,False
O3Vy3XzszKYfl_jNVVO0MDhayMAG4HW5vR276ytxmdZjZfc,Shupian,963,I,173,135,False,False,False,False
W7yAjH8zaEo8JGwXoqPn-6DHVIsEd-tkzus_m_IdyaNWlCwzT-ihW663Ww,Sheiden2,1444,I,199,141,True,False,False,False
YeTI8a12TfODY8JEmrpv7Hslkr8HueLptM7UvXXwAtvSa-E,Doublelift,1158,I,375,324,True,False,False,False
zIukRaPsTo1PVsNBp8r8HfGZKIs-9Buos3_8M-pUn4IhpnbU,Spirax,1230,I,302,252,True,False,False,False
IsnGK51Y3ohy0_L6YIjsqBUn7AIK5GrHpcg-nsPidnPO5AE,TSM Eclipse,972,I,420,386,True,False,False,False
VkhNlS8WCEbJrHo2j2l4Gn0-cPoEjl4uSnzlcKjVPRFdb5Y,Fake smiIes,887,I,154,111,False,False,False,False
Bns1LQtc3CRLSu7Lgv66z9gjVwXzxwB45-oXeELO7SBUFB0,wx mjm978244659,1607,I,495,402,True,False,False,False
yFLxaPnrSph7e7lOvppy9go6sxlQcoJ5_6sD_YFBZDiDXVk,Eclipse,966,I,200,160,True,False,False,False
mcJsKDdgykF73bpD7ZNaKCV5_vB1tUcqVaAWm6Ft9Jnh4s0,Avers,913,I,295,246,False,False,False,False
l4vIJsGhzqFR5ux3flsEVkKL8oDJ-AiBfEfcpb-bz6HeuhSrzFLjCMqpzw,wx NAtongtiandai,1038,I,201,153,True,False,False,False
7kJmLT1Ba7SW2noXWjsGbcfd40hvYir4shVQTR-SE0L0GtI,pizzaman007,1234,I,416,343,True,False,False,False
8SXbHAkAsYtcbgwsprNpVrgRx2Jv3b7ebjXMs_Z_p0rvQB8,rovex,880,I,332,305,False,False,False,True
FEjIv4-puuryqgX0YDVqNF-7SufWYEeAxwy_xJe28vbWzJ4,zhong guo5,1194,I,567,512,True,False,False,False
iAFfuQmfytQqOdGW2kRbb9cmZQ5I6K8T79uVkxVXnI-mD28,Karasmai v9 ,1084,I,339,294,True,False,False,False
m_esh6BbxUO4ZHju1oV9S3j2gcVptauXqbIsdKmlrq26dC7-,Anticípation,869,I,376,340,False,False,True,False
5k3do8uGF5sdI05ewxlhOpWvfO6XNohfJDho-dZrQA7KZj0,Ethiridis,888,I,404,364,False,False,False,False
_ni6BhCknVfGXQSfZgmDkSXf8JF0jEFwq89MvFE69UZsz7Q,BussyEnjoyerr808,859,I,778,737,False,False,True,False
q50WMLtzw0iPNlEDiAmBh8q91rNGidEqZ5Xb5xGbdy0WwB75,Businessman47,991,I,221,198,False,False,False,False
vXKT6rP7_el2E24wejoQSpfyJ6h_Vkk9ECaDZHAb1wmtlpY,RHINOOOOOOOOOOOO,1339,I,212,146,True,False,False,False
eAToynlX6V941yJZgyLe4Nkv1gs8aWujYzz1cpDOofgOt6Bu,TEMP 27236133,1140,I,311,253,True,False,False,True
3SmOWNu3pMtXONDubtAoh6FpUhEOYcIrjO_7_a-LlA,Pobelter,894,I,329,291,True,False,False,True
Qh4XLeldjZMjBseXPD9LrxLKsWdmEkg85BONXncTw1GxN8T8,SkyTec6,880,I,326,279,True,False,False,False
LQg88uZzsi-_dP7G1Fly_wNJIurtkBIdvmUg1f-sT8WStPc,Zyko,1166,I,594,516,True,False,False,True
0jOMULBOTvaMJVDLlUB9VnjkybWOdfwJOGPGv8ZlHR2ZrLA,KryRa,1224,I,288,234,True,False,False,False
cALEIAft9xLc1WM2p8BMGzq-LolxPXsfL8wlPTtIzQzbxbY,Call Lin,1031,I,679,628,True,False,False,False
wElV9Xq11uObBQpkjONz8jCvDCxO4Em_GLzLXm6MJ_zlInQ,Sayhoon,900,I,297,253,False,False,False,True
mcli7HGdxJlF0tCx7kjCEJ-Z4bjgfr2z2MDRteqAqgGGVdA,jojopyun 16,1000,I,465,396,False,False,False,False
MaJpG65e0jKqJ4ml46pGWDYTaK_6RSVfQtUR8Vp2CWF18O8Wwn8THw7pLg,shxchi,1268,I,425,380,True,False,False,False
nAb-ltH3pVl5Skj2fC7TpD3xlvLPTMms0m_qj1NnbT6rk4TleVNEMdLuBA,Eyla,1331,I,335,266,True,False,False,False
75ZM6dA5Yllx-QytA2llWDP8Wzdy385Ed3OIoPmOfmwpzRg,Fated Temper,884,I,467,425,False,False,False,True
b00YAgXQzcbvp-Tn_fNWSt3b9SW7faW55tAChbpq6rCiGMw,Kazahana,876,I,283,240,False,False,False,True
MmgjN-ERUsRt_JNBj_dBto5sMMMHT3VsDeqm2gSqaF2n3OO7STwJV95NSg,TFBlade2,1575,I,429,305,True,False,False,False
8t81ngWbK0Iao6ZEvJq7uRrwAiOuFjwotWOHbSKFMqXBJHE,Kurose,1152,I,423,370,True,False,False,False
NxTejk2LlceHIADU73ED3JyvKzhTo73qiS4SS2OHMBFjpY8,Bury The Past,875,I,506,481,False,False,False,False
rdw-oArPgPJzVvCUq1agl8H1m0YnFZhCORU50NtHjjgiBxjc,Dark Wingdom,884,I,268,222,True,False,False,False
TkADgviVRKsXn6mJ5WVLwKIBj7nmVO2ATYtVXjC6erq-rlM,Berik,879,I,377,339,False,False,False,True
qBUNTW5DajMf3qAT1vtonD1TTvUZhSkpsmxfh8e5QQrypnk,WayneDwops,974,I,206,161,True,False,False,False
F_4-7ajtvVIiIiO6Qffew06TCdkQlPtNsFtJ8jVHhpzmD7Q,Fiction,880,I,646,603,False,False,False,True
PVlcWr9_YaFES561_Wlzy4rUJo7CBdgCc179whKeB5rC88GkxoMlc152dg,SpazzAD,1037,I,351,307,True,False,False,False
__0cgjtj5zF2wDSd5KVF2d3UyBVEiGlofJYHJ_HKwrAV3UWP, Braıne,1062,I,261,195,True,False,False,False
LYbPvZlLNouzSFzVfas_n83sFdnQnMp5XTyZNGj_q0FhBNE,TyChee,1030,I,1453,1420,True,False,False,False
Kc1vXpYnyZqKk1VJQ-PuLhzU5RhSpx9TCby2CgrT6MsW1h0,I am Súnlight,1482,I,341,258,True,False,False,False
FqeLE75x3sKHyARH-KbNGH2R0Fq7qyeIoJydwG88ZYA2eM9v,insung,879,I,301,234,False,False,False,False
VSIq6uijMj7FNeXSJzIW-1FUZj5nByP2C55n_RprrrgXqh0,Logia,884,I,253,215,False,False,False,True
CSiD-mwvLKn5Lsxgo9k9oq-pUtTGrQ5AyoUxyB-morS_KPA,A D,960,I,232,180,False,False,False,False
M_9M5dFpWmYsZm9oXyOi9lB_EkNz1m8L-UESUTjxGsFjGdBW9rSBo7X58g,jjkinggg,1019,I,155,124,True,False,False,False
nbBtmor6jvlhzvYCZwnq_aFydtL38OerwdfL1e_-FfhtxP4,Stabsie,1057,I,254,203,True,False,False,False
sYiQHy0NWkXISoWN-1e4uc9R0cu5pYEWRS5034P9Lb7urGk,Pekin Woof,873,I,321,289,True,False,False,False
sq9qkvKY3P0kbsdafzOzvG04czkOOpS3-Z2tzkzY7ZDl0so,Gweiss,880,I,508,476,False,False,False,True
BMVTOjY-CzNK7nNgrP2iYLw1srdyk8AO5lXyxbKog0dUKI8,Augustine,1001,I,234,183,False,False,False,False
m3Gxu1scFOTGMz7IuYKKlNEhSTqmiH3m2W9pJ3rkBNLfiXs,Emprisonner,884,I,281,237,False,False,False,False
1HFFaDO2K1BgnkvH53pZ8nHsqoDACZ4q5fM081sYqcZyMQddOSzYeh0fOg,ZYQ,966,I,190,159,True,False,False,False
xqTGjH6V5Ni92sTT1lEUDDUN0MU5BqDvrSb2GB1Lq0VILiE,ChuChuZ,894,I,574,543,True,False,False,False
f7IGXRR8Tn2k7VuRSaQDUbS9q1gS5BON-V-iB7C9mP_8Kh4,Draven696969,1086,I,523,480,True,False,False,False
d6iCs2jUlOMdcuSPYSk15rFU-ovVaV7dMuG9vpkAUfVV7Ec,TL Armao,1247,I,794,720,False,False,False,False
vx3ywCmTb4abuW-sJlGFVW4SHUPXgN8M7Y41Dqf26cT6lbL-VKWjuCrphg,Kufa,890,I,211,166,False,False,False,False
jf5uIiI9tumhJN4H03gnxUk0eRQKOeUNiGYaFcNAac6gsI3I,Sn1per1,1786,I,351,272,True,False,False,False
c_eewdX_PiLNIVgQR_slfg8xm-J02t4O7cozRPVVs2Wf2-O2,Deng It ,981,I,556,514,True,False,False,False
dqTgeWIPqXVPJi4CBbn4Dfazt5Z1uFWzLJPP41ipoOp2tUI,Twitch BTangLoL,912,I,198,156,False,False,False,False
pzXeu7mXyHIaTmhuiiCJQUPF190ymT-cB1ltA-BJ_N7Gr30S,Rënekton,880,I,348,263,False,False,False,True
AWQKBiBSLOt1uI0BkpEwsSJChG0HOHpLOB0opz0RcuOpqnE,Fishlord,953,I,435,379,False,False,False,False
QUNZD5dkPVZmihZtUUYcy63VTuMfcWfreU25K-t_3uXCyfo,Swkeeee,883,I,306,267,False,False,False,True
G0V7yXr5pW05NVa1Jag0EG8HeonstqiRR5T9-P-DnG84b-I,parnelly,914,I,985,930,False,False,True,False
1nybtFwgbCrXMvMRAg4yvZ5aKSIecN6gfmG0otBHLUH6cUc,Kitzuo,890,I,284,237,False,False,False,False
ty4YIkQrb4sgsBwMdxRus9LDLWc5OJ7ZJAp0vYrO6P9hqGU,DARK WlNGS,933,I,270,235,True,False,False,False
ohQy_P8xvigorEQ9n1NEew1JveGgmFQicquzlPpP5RrV_HOX,Juheon,904,I,264,195,False,False,False,True
5baSuggj2X77EA5Jb7xLlTBeLMP_qi0vwtbOZhoRqp-LEcJ1,aknid,943,I,346,311,False,False,False,True
